{"cameraMode":{"drawMode":0,"name":"Shaded","section":"Shading Mode"},"sceneLighting":true,"audioPlay":false,"sceneViewState":{"m_AlwaysRefresh":false,"showFog":true,"showSkybox":true,"showFlares":true,"showImageEffects":true,"showParticleSystems":true,"showVisualEffectGraphs":true,"m_FxEnabled":true},"in2DMode":false,"pivot":{"x":-1.6243364810943604,"y":1.3121339082717896,"z":-1.9958940744400025},"rotation":{"x":-0.07492844760417938,"y":0.00958735030144453,"z":-0.0007288124179467559,"w":-0.9971756935119629},"size":0.2022472470998764,"orthographic":false}