{"cameraMode":{"drawMode":0,"name":"Shaded","section":"Shading Mode"},"sceneLighting":true,"audioPlay":false,"sceneViewState":{"m_AlwaysRefresh":false,"showFog":true,"showSkybox":true,"showFlares":true,"showImageEffects":true,"showParticleSystems":true,"showVisualEffectGraphs":true,"m_FxEnabled":true},"in2DMode":false,"pivot":{"x":-1.462902307510376,"y":1.1934750080108643,"z":-1.0037386417388917},"rotation":{"x":-0.23296460509300233,"y":-0.05479979142546654,"z":0.013157051987946034,"w":-0.970880389213562},"size":0.2579026222229004,"orthographic":false}