{"cameraMode":{"drawMode":0,"name":"Shaded","section":"Shading Mode"},"sceneLighting":true,"audioPlay":false,"sceneViewState":{"m_AlwaysRefresh":false,"showFog":true,"showSkybox":true,"showFlares":true,"showImageEffects":true,"showParticleSystems":true,"showVisualEffectGraphs":true,"m_FxEnabled":true},"in2DMode":false,"pivot":{"x":-1.4438377618789673,"y":-0.7285454273223877,"z":2.0622668266296388},"rotation":{"x":0.3283090889453888,"y":-0.000022475793230114505,"z":-0.000011389547580620274,"w":0.944611132144928},"size":2.547590494155884,"orthographic":false}