{"cameraMode":{"drawMode":0,"name":"Shaded","section":"Shading Mode"},"sceneLighting":true,"audioPlay":false,"sceneViewState":{"m_AlwaysRefresh":false,"showFog":true,"showSkybox":true,"showFlares":true,"showImageEffects":true,"showParticleSystems":true,"showVisualEffectGraphs":true,"m_FxEnabled":true},"in2DMode":false,"pivot":{"x":-1.7769883871078492,"y":0.7036228775978088,"z":5.303214073181152},"rotation":{"x":-0.0684952363371849,"y":0.11409193277359009,"z":-0.007874577306210995,"w":-0.9910956621170044},"size":5.458130836486816,"orthographic":false}