{"cameraMode":{"drawMode":0,"name":"Shaded","section":"Shading Mode"},"sceneLighting":true,"audioPlay":false,"sceneViewState":{"m_AlwaysRefresh":false,"showFog":true,"showSkybox":true,"showFlares":true,"showImageEffects":true,"showParticleSystems":true,"showVisualEffectGraphs":true,"m_FxEnabled":true},"in2DMode":false,"pivot":{"x":-1.3102151155471802,"y":-2.3696837425231935,"z":8.092777252197266},"rotation":{"x":-0.19669336080551148,"y":-0.014103329740464688,"z":0.002836349420249462,"w":-0.9803867340087891},"size":5.3871073722839359,"orthographic":false}