{"cameraMode":{"drawMode":0,"name":"Shaded","section":"Shading Mode"},"sceneLighting":true,"audioPlay":false,"sceneViewState":{"m_AlwaysRefresh":false,"showFog":true,"showSkybox":true,"showFlares":true,"showImageEffects":true,"showParticleSystems":true,"showVisualEffectGraphs":true,"m_FxEnabled":true},"in2DMode":false,"pivot":{"x":1004.7965698242188,"y":575.767333984375,"z":-105.6746826171875},"rotation":{"x":-0.06595413386821747,"y":0.0006120563484728336,"z":-0.0000621724029770121,"w":-0.9978564977645874},"size":448.39361572265627,"orthographic":false}